merchant_mcc,bonuses_available
home and kitchen,[]
health and wellness,"['cashback', 'loyalty', 'small-gift']"
home and kitchen,"['loyalty', 'up-sell', 'cashback', 'welcome', 'big-gift', 'small-gift', 'discount', 'early-access']"
baby and kids,[]
industrial and scientific,"['big-gift', 'loyalty', 'cashback']"
party supplies,"['welcome', 'big-gift', 'loyalty', 'cashback']"
pet supplies,"['discount', 'loyalty', 'early-access', 'welcome']"
beauty and personal care,"['loyalty', 'discount', 'big-gift', 'up-sell', 'small-gift', 'welcome']"
art and crafts,"['loyalty', 'cashback', 'welcome', 'up-sell', 'discount', 'big-gift', 'early-access', 'small-gift']"
beauty and personal care,[]
food and beverages,"['loyalty', 'big-gift', 'early-access', 'welcome']"
music,"['early-access', 'small-gift', 'discount', 'loyalty']"
office supplies,"['cashback', 'small-gift', 'discount', 'welcome', 'loyalty']"
industrial and scientific,"['discount', 'cashback', 'big-gift']"
health and wellness,"['cashback', 'small-gift', 'discount', 'welcome', 'loyalty', 'up-sell', 'early-access', 'big-gift']"
health and wellness,['cashback']
party supplies,"['cashback', 'small-gift', 'early-access', 'big-gift', 'up-sell']"
sports and fitness,"['discount', 'loyalty', 'small-gift', 'up-sell']"
industrial and scientific,"['big-gift', 'up-sell', 'cashback', 'discount']"
food and beverages,"['early-access', 'welcome']"
fashion,['discount']
toys and games,"['loyalty', 'cashback', 'big-gift', 'up-sell', 'small-gift', 'discount']"
health and wellness,"['welcome', 'small-gift', 'big-gift', 'early-access', 'discount', 'cashback', 'loyalty', 'up-sell']"
automotive,"['discount', 'cashback', 'welcome', 'early-access', 'loyalty', 'up-sell']"
home and kitchen,"['cashback', 'loyalty', 'discount', 'big-gift']"
industrial and scientific,"['welcome', 'up-sell', 'discount', 'cashback', 'early-access', 'big-gift', 'loyalty', 'small-gift']"
food and beverages,[]
food and beverages,['loyalty']
garden and outdoor,['discount']
sports and fitness,"['discount', 'early-access', 'up-sell', 'small-gift', 'cashback', 'welcome', 'big-gift']"
automotive,"['small-gift', 'cashback', 'up-sell', 'big-gift', 'welcome', 'early-access']"
food and beverages,['small-gift']
electronics,"['cashback', 'up-sell', 'loyalty', 'welcome', 'big-gift', 'discount', 'early-access', 'small-gift']"
beauty and personal care,[]
pet supplies,['cashback']
health and wellness,"['cashback', 'up-sell', 'loyalty', 'big-gift', 'early-access', 'welcome', 'small-gift']"
travel and leisure,"['loyalty', 'welcome', 'small-gift']"
travel and leisure,"['big-gift', 'cashback', 'early-access', 'welcome', 'up-sell']"
fashion,"['small-gift', 'big-gift', 'welcome', 'loyalty', 'up-sell', 'early-access']"
industrial and scientific,"['discount', 'cashback', 'loyalty', 'early-access', 'big-gift', 'welcome', 'up-sell']"
art and crafts,"['loyalty', 'welcome', 'small-gift', 'up-sell', 'big-gift', 'cashback', 'discount', 'early-access']"
travel and leisure,"['early-access', 'loyalty', 'cashback', 'welcome', 'big-gift', 'small-gift', 'up-sell']"
music,"['early-access', 'discount', 'cashback', 'up-sell']"
garden and outdoor,"['cashback', 'discount']"
books and media,[]
party supplies,"['welcome', 'small-gift', 'discount', 'early-access', 'up-sell', 'big-gift', 'loyalty', 'cashback']"
fashion,"['loyalty', 'big-gift', 'early-access', 'welcome', 'up-sell', 'discount', 'cashback', 'small-gift']"
home and kitchen,"['welcome', 'up-sell', 'early-access']"
travel and leisure,"['small-gift', 'discount', 'loyalty', 'big-gift', 'early-access', 'cashback', 'up-sell', 'welcome']"
automotive,"['small-gift', 'big-gift', 'welcome', 'early-access', 'cashback', 'discount', 'up-sell']"
beauty and personal care,"['cashback', 'up-sell', 'discount', 'loyalty', 'small-gift', 'welcome', 'early-access', 'big-gift']"
automotive,"['early-access', 'big-gift']"
industrial and scientific,"['welcome', 'small-gift', 'up-sell', 'discount']"
home and kitchen,"['up-sell', 'welcome']"
home and kitchen,"['discount', 'early-access', 'big-gift', 'up-sell', 'loyalty', 'small-gift', 'cashback', 'welcome']"
health and wellness,"['early-access', 'discount', 'welcome', 'small-gift', 'cashback', 'loyalty', 'up-sell', 'big-gift']"
pet supplies,"['up-sell', 'loyalty']"
art and crafts,"['big-gift', 'up-sell', 'welcome', 'small-gift', 'early-access', 'discount', 'cashback', 'loyalty']"
office supplies,"['discount', 'cashback', 'loyalty', 'welcome', 'early-access', 'small-gift', 'up-sell', 'big-gift']"
books and media,"['loyalty', 'discount', 'up-sell']"
travel and leisure,"['cashback', 'big-gift']"
toys and games,"['big-gift', 'welcome']"
toys and games,"['big-gift', 'early-access', 'small-gift', 'loyalty', 'discount']"
toys and games,['big-gift']
fashion,"['cashback', 'loyalty', 'early-access', 'discount', 'up-sell', 'welcome', 'small-gift']"
electronics,"['big-gift', 'discount', 'early-access']"
beauty and personal care,"['small-gift', 'early-access', 'up-sell', 'cashback']"
industrial and scientific,"['welcome', 'early-access', 'discount', 'loyalty', 'small-gift']"
fashion,['big-gift']
office supplies,"['big-gift', 'up-sell', 'early-access', 'welcome', 'cashback']"
party supplies,"['up-sell', 'welcome', 'small-gift']"
travel and leisure,[]
baby and kids,"['cashback', 'discount', 'early-access', 'welcome', 'big-gift', 'small-gift', 'loyalty', 'up-sell']"
automotive,"['up-sell', 'small-gift', 'cashback', 'discount', 'big-gift', 'early-access', 'loyalty', 'welcome']"
books and media,"['big-gift', 'small-gift', 'early-access', 'loyalty', 'discount', 'up-sell']"
industrial and scientific,[]
automotive,"['cashback', 'early-access', 'up-sell', 'small-gift']"
pet supplies,"['early-access', 'cashback', 'small-gift', 'loyalty', 'big-gift', 'discount', 'welcome']"
beauty and personal care,"['small-gift', 'welcome', 'loyalty', 'discount']"
food and beverages,"['discount', 'welcome', 'big-gift']"
food and beverages,"['loyalty', 'cashback', 'big-gift', 'up-sell', 'early-access', 'discount', 'small-gift']"
garden and outdoor,"['cashback', 'loyalty', 'small-gift', 'welcome', 'up-sell', 'big-gift']"
food and beverages,"['early-access', 'welcome']"
industrial and scientific,"['loyalty', 'cashback', 'early-access']"
art and crafts,"['small-gift', 'big-gift', 'cashback', 'up-sell', 'early-access', 'discount', 'loyalty', 'welcome']"
garden and outdoor,"['up-sell', 'big-gift', 'loyalty', 'discount', 'cashback', 'early-access', 'welcome']"
health and wellness,"['loyalty', 'small-gift', 'discount', 'early-access', 'big-gift', 'up-sell', 'cashback']"
industrial and scientific,['discount']
sports and fitness,"['big-gift', 'small-gift', 'loyalty']"
books and media,['big-gift']
travel and leisure,"['early-access', 'cashback', 'welcome', 'loyalty', 'big-gift']"
music,[]
party supplies,"['early-access', 'welcome', 'discount', 'small-gift', 'cashback', 'loyalty']"
industrial and scientific,"['cashback', 'early-access', 'loyalty', 'discount', 'big-gift', 'small-gift', 'welcome', 'up-sell']"
pet supplies,"['discount', 'big-gift', 'cashback', 'loyalty', 'welcome', 'up-sell']"
party supplies,[]
beauty and personal care,"['discount', 'big-gift', 'cashback', 'loyalty', 'welcome', 'up-sell']"
music,"['cashback', 'early-access', 'discount', 'small-gift', 'big-gift']"
health and wellness,"['up-sell', 'big-gift', 'welcome', 'cashback', 'small-gift', 'discount']"
industrial and scientific,[]
office supplies,"['loyalty', 'big-gift', 'small-gift']"
fashion,[]
food and beverages,"['welcome', 'up-sell', 'loyalty']"
food and beverages,"['early-access', 'small-gift']"
home and kitchen,"['early-access', 'small-gift', 'discount']"
office supplies,"['loyalty', 'big-gift']"
toys and games,"['loyalty', 'up-sell', 'welcome', 'discount']"
party supplies,"['big-gift', 'small-gift', 'loyalty', 'welcome', 'early-access', 'up-sell']"
automotive,['welcome']
office supplies,"['big-gift', 'small-gift', 'discount', 'welcome', 'early-access', 'up-sell', 'loyalty', 'cashback']"
home and kitchen,"['small-gift', 'early-access', 'cashback', 'loyalty', 'big-gift', 'welcome']"
baby and kids,"['early-access', 'cashback', 'big-gift', 'up-sell']"
health and wellness,"['cashback', 'big-gift', 'welcome', 'discount', 'early-access']"
food and beverages,"['big-gift', 'discount', 'welcome', 'cashback', 'early-access', 'small-gift', 'loyalty']"
books and media,"['up-sell', 'discount', 'big-gift', 'early-access', 'small-gift']"
industrial and scientific,[]
baby and kids,"['loyalty', 'early-access', 'small-gift']"
travel and leisure,"['cashback', 'small-gift', 'early-access', 'big-gift', 'up-sell', 'welcome', 'discount']"
automotive,"['big-gift', 'small-gift', 'loyalty']"
automotive,"['early-access', 'up-sell', 'big-gift', 'discount', 'cashback']"
industrial and scientific,"['small-gift', 'early-access', 'cashback', 'discount', 'up-sell']"
health and wellness,"['loyalty', 'small-gift', 'early-access']"
pet supplies,['discount']
books and media,"['early-access', 'discount', 'small-gift']"
party supplies,"['up-sell', 'welcome', 'loyalty', 'discount', 'small-gift', 'cashback', 'big-gift', 'early-access']"
electronics,"['discount', 'early-access', 'welcome', 'small-gift', 'big-gift', 'cashback', 'up-sell', 'loyalty']"
home and kitchen,[]
party supplies,"['early-access', 'cashback', 'big-gift', 'discount']"
toys and games,[]
health and wellness,"['loyalty', 'big-gift', 'welcome', 'cashback', 'up-sell', 'small-gift', 'discount']"
sports and fitness,"['up-sell', 'welcome']"
food and beverages,['big-gift']
education and learning,"['big-gift', 'cashback', 'early-access']"
automotive,"['up-sell', 'early-access', 'big-gift', 'welcome', 'small-gift', 'cashback']"
books and media,"['loyalty', 'early-access', 'big-gift', 'small-gift']"
industrial and scientific,['discount']
electronics,"['early-access', 'small-gift', 'up-sell', 'cashback', 'discount', 'welcome']"
food and beverages,"['up-sell', 'small-gift', 'cashback', 'welcome']"
food and beverages,"['cashback', 'early-access', 'welcome', 'up-sell']"
food and beverages,"['up-sell', 'big-gift']"
sports and fitness,['welcome']
toys and games,"['up-sell', 'cashback', 'welcome', 'big-gift']"
automotive,"['up-sell', 'early-access', 'big-gift', 'cashback', 'small-gift', 'welcome']"
education and learning,[]
travel and leisure,"['up-sell', 'welcome', 'big-gift', 'loyalty', 'small-gift']"
health and wellness,[]
toys and games,"['early-access', 'discount', 'loyalty', 'up-sell', 'cashback', 'big-gift', 'small-gift']"
beauty and personal care,"['small-gift', 'cashback', 'discount', 'early-access', 'welcome', 'big-gift', 'loyalty']"
travel and leisure,"['up-sell', 'small-gift', 'cashback', 'early-access', 'welcome', 'loyalty', 'big-gift']"
pet supplies,"['small-gift', 'welcome', 'cashback', 'up-sell']"
electronics,"['early-access', 'cashback', 'welcome', 'loyalty', 'discount', 'big-gift', 'up-sell', 'small-gift']"
fashion,"['up-sell', 'early-access', 'loyalty']"
automotive,"['early-access', 'welcome', 'big-gift', 'up-sell', 'loyalty', 'discount', 'small-gift']"
automotive,"['welcome', 'up-sell', 'cashback', 'early-access', 'loyalty', 'big-gift', 'small-gift', 'discount']"
sports and fitness,"['up-sell', 'early-access', 'small-gift', 'discount', 'cashback', 'loyalty', 'big-gift']"
food and beverages,"['discount', 'cashback', 'loyalty', 'up-sell', 'small-gift', 'welcome', 'big-gift']"
travel and leisure,"['up-sell', 'big-gift', 'welcome', 'discount', 'early-access']"
party supplies,"['discount', 'cashback', 'up-sell', 'big-gift', 'early-access', 'loyalty', 'small-gift']"
art and crafts,"['cashback', 'small-gift', 'loyalty', 'up-sell', 'early-access']"
food and beverages,"['welcome', 'discount', 'small-gift', 'cashback', 'up-sell', 'loyalty']"
sports and fitness,"['welcome', 'loyalty', 'up-sell', 'small-gift', 'discount', 'early-access', 'big-gift']"
home and kitchen,"['early-access', 'welcome', 'small-gift', 'loyalty', 'cashback', 'discount', 'big-gift', 'up-sell']"
garden and outdoor,"['small-gift', 'up-sell', 'early-access', 'cashback']"
beauty and personal care,"['big-gift', 'discount', 'small-gift', 'cashback', 'welcome']"
education and learning,['cashback']
automotive,"['loyalty', 'cashback', 'welcome']"
home and kitchen,"['discount', 'small-gift', 'early-access', 'welcome', 'up-sell', 'loyalty', 'cashback']"
automotive,"['small-gift', 'cashback', 'loyalty', 'early-access', 'big-gift']"
party supplies,"['discount', 'loyalty']"
beauty and personal care,"['cashback', 'early-access', 'up-sell', 'loyalty', 'small-gift', 'big-gift']"
health and wellness,"['up-sell', 'small-gift', 'welcome', 'cashback', 'discount', 'early-access', 'big-gift']"
beauty and personal care,"['small-gift', 'up-sell', 'discount', 'cashback', 'early-access', 'loyalty', 'big-gift']"
books and media,"['early-access', 'welcome', 'loyalty', 'cashback', 'discount', 'up-sell']"
automotive,"['welcome', 'big-gift', 'small-gift', 'cashback']"
health and wellness,[]
party supplies,[]
education and learning,"['up-sell', 'big-gift', 'loyalty', 'early-access', 'discount', 'welcome', 'cashback']"
education and learning,"['discount', 'small-gift', 'welcome', 'big-gift']"
automotive,"['welcome', 'up-sell', 'discount', 'loyalty', 'early-access', 'big-gift', 'small-gift']"
travel and leisure,"['cashback', 'loyalty']"
industrial and scientific,"['up-sell', 'big-gift', 'loyalty', 'discount', 'cashback']"
automotive,"['loyalty', 'cashback', 'welcome', 'early-access', 'up-sell']"
music,"['small-gift', 'welcome', 'cashback', 'big-gift', 'discount', 'early-access', 'up-sell', 'loyalty']"
office supplies,"['big-gift', 'early-access', 'small-gift', 'discount']"
home and kitchen,"['early-access', 'welcome', 'up-sell']"
industrial and scientific,"['cashback', 'small-gift', 'welcome', 'early-access', 'discount']"
travel and leisure,['discount']
fashion,[]
automotive,"['loyalty', 'welcome', 'early-access', 'up-sell', 'small-gift', 'cashback', 'discount']"
office supplies,"['big-gift', 'up-sell', 'small-gift', 'loyalty', 'cashback', 'discount', 'welcome', 'early-access']"
education and learning,"['up-sell', 'welcome', 'small-gift', 'discount', 'loyalty', 'cashback']"
art and crafts,"['small-gift', 'welcome', 'early-access']"
office supplies,"['small-gift', 'welcome', 'cashback', 'discount', 'loyalty', 'big-gift', 'early-access', 'up-sell']"
books and media,[]
fashion,"['cashback', 'loyalty', 'up-sell', 'big-gift', 'welcome']"
industrial and scientific,"['cashback', 'big-gift', 'loyalty']"
pet supplies,"['welcome', 'discount']"
sports and fitness,"['up-sell', 'big-gift']"
toys and games,['welcome']
sports and fitness,[]
office supplies,"['small-gift', 'welcome', 'loyalty']"
health and wellness,[]
sports and fitness,"['loyalty', 'small-gift', 'welcome', 'cashback', 'up-sell', 'early-access']"
baby and kids,['early-access']
baby and kids,"['welcome', 'small-gift', 'big-gift']"
baby and kids,"['early-access', 'small-gift', 'welcome', 'big-gift']"
garden and outdoor,"['big-gift', 'small-gift', 'welcome', 'cashback', 'up-sell', 'early-access']"
beauty and personal care,"['discount', 'welcome', 'loyalty', 'early-access', 'up-sell']"
music,"['up-sell', 'cashback', 'early-access', 'small-gift', 'big-gift', 'welcome', 'discount', 'loyalty']"
travel and leisure,"['cashback', 'early-access', 'discount', 'big-gift', 'up-sell', 'loyalty', 'welcome']"
pet supplies,"['small-gift', 'early-access', 'discount', 'big-gift', 'loyalty', 'up-sell']"
garden and outdoor,['loyalty']
beauty and personal care,['big-gift']
home and kitchen,"['discount', 'up-sell', 'welcome', 'big-gift', 'early-access']"
home and kitchen,"['small-gift', 'big-gift', 'early-access', 'cashback', 'welcome', 'loyalty']"
education and learning,"['small-gift', 'welcome', 'up-sell', 'early-access']"
books and media,"['early-access', 'loyalty']"
home and kitchen,"['small-gift', 'welcome', 'discount', 'up-sell', 'loyalty']"
travel and leisure,"['welcome', 'up-sell', 'small-gift', 'discount', 'early-access', 'cashback', 'loyalty', 'big-gift']"
pet supplies,"['welcome', 'loyalty', 'big-gift', 'up-sell', 'cashback']"
beauty and personal care,"['welcome', 'early-access']"
baby and kids,"['big-gift', 'cashback', 'early-access']"
pet supplies,"['small-gift', 'discount']"
pet supplies,['welcome']
sports and fitness,"['welcome', 'small-gift']"
beauty and personal care,"['early-access', 'small-gift', 'cashback', 'big-gift']"
education and learning,"['big-gift', 'discount', 'loyalty', 'up-sell', 'welcome', 'small-gift', 'early-access']"
home and kitchen,"['early-access', 'up-sell', 'small-gift', 'discount']"
fashion,"['big-gift', 'up-sell', 'welcome']"
electronics,"['up-sell', 'loyalty', 'big-gift']"
health and wellness,"['small-gift', 'welcome', 'big-gift', 'cashback']"
travel and leisure,"['discount', 'cashback']"
industrial and scientific,"['small-gift', 'welcome', 'cashback']"
fashion,"['welcome', 'cashback', 'early-access', 'discount', 'big-gift', 'up-sell']"
music,"['up-sell', 'welcome', 'cashback', 'big-gift', 'discount', 'early-access']"
education and learning,"['small-gift', 'welcome', 'cashback', 'big-gift', 'loyalty', 'early-access', 'discount']"
baby and kids,['big-gift']
automotive,"['cashback', 'discount', 'loyalty', 'welcome', 'up-sell']"
baby and kids,"['cashback', 'big-gift', 'discount', 'small-gift', 'loyalty', 'welcome', 'up-sell', 'early-access']"
health and wellness,"['discount', 'up-sell', 'loyalty']"
beauty and personal care,"['early-access', 'cashback']"
party supplies,"['small-gift', 'big-gift', 'early-access', 'discount', 'loyalty', 'cashback', 'welcome']"
garden and outdoor,"['up-sell', 'big-gift', 'discount', 'early-access', 'welcome', 'loyalty', 'cashback']"
automotive,"['early-access', 'welcome', 'big-gift', 'discount', 'up-sell', 'small-gift', 'cashback']"
education and learning,"['big-gift', 'cashback', 'up-sell', 'small-gift', 'welcome', 'loyalty', 'early-access', 'discount']"
education and learning,"['discount', 'welcome', 'cashback', 'big-gift', 'early-access', 'small-gift', 'up-sell']"
baby and kids,"['welcome', 'loyalty']"
art and crafts,"['discount', 'early-access', 'big-gift', 'small-gift', 'cashback', 'loyalty', 'up-sell']"
education and learning,[]
pet supplies,['small-gift']
home and kitchen,"['big-gift', 'discount', 'early-access', 'up-sell', 'loyalty', 'cashback', 'welcome', 'small-gift']"
office supplies,"['big-gift', 'loyalty', 'up-sell', 'welcome']"
automotive,"['big-gift', 'small-gift', 'discount', 'loyalty', 'welcome', 'early-access', 'up-sell', 'cashback']"
electronics,"['up-sell', 'loyalty', 'big-gift', 'discount', 'cashback']"
books and media,"['discount', 'loyalty', 'welcome']"
automotive,['welcome']
pet supplies,"['big-gift', 'loyalty']"
toys and games,"['discount', 'small-gift']"
art and crafts,[]
travel and leisure,"['cashback', 'early-access', 'up-sell', 'discount', 'big-gift']"
food and beverages,"['cashback', 'discount', 'early-access', 'loyalty', 'big-gift', 'small-gift', 'up-sell', 'welcome']"
automotive,"['big-gift', 'loyalty', 'early-access', 'up-sell', 'small-gift', 'cashback']"
fashion,"['small-gift', 'up-sell', 'welcome', 'big-gift', 'early-access', 'loyalty', 'cashback']"
toys and games,"['early-access', 'up-sell', 'loyalty', 'cashback']"
beauty and personal care,"['early-access', 'discount', 'welcome']"
travel and leisure,[]
music,"['small-gift', 'loyalty', 'cashback', 'welcome', 'discount', 'up-sell', 'early-access', 'big-gift']"
home and kitchen,"['discount', 'loyalty', 'welcome', 'early-access', 'cashback']"
sports and fitness,"['early-access', 'up-sell', 'welcome', 'small-gift', 'big-gift', 'loyalty', 'cashback']"
sports and fitness,"['big-gift', 'welcome', 'discount', 'loyalty', 'small-gift', 'early-access', 'cashback', 'up-sell']"
travel and leisure,"['loyalty', 'welcome', 'cashback', 'up-sell', 'big-gift', 'discount', 'small-gift']"
sports and fitness,"['big-gift', 'welcome', 'up-sell', 'discount']"
food and beverages,"['discount', 'small-gift', 'big-gift', 'welcome', 'early-access', 'up-sell']"
baby and kids,"['welcome', 'cashback', 'big-gift', 'early-access', 'small-gift', 'loyalty', 'discount', 'up-sell']"
office supplies,['small-gift']
food and beverages,['small-gift']
sports and fitness,[]
office supplies,"['small-gift', 'big-gift', 'early-access', 'loyalty', 'cashback', 'discount', 'up-sell', 'welcome']"
sports and fitness,['early-access']
fashion,"['cashback', 'welcome', 'loyalty', 'big-gift']"
pet supplies,"['big-gift', 'early-access', 'up-sell', 'cashback']"
health and wellness,[]
books and media,"['small-gift', 'big-gift', 'welcome', 'discount']"
health and wellness,['small-gift']
travel and leisure,"['early-access', 'cashback', 'discount', 'loyalty', 'big-gift', 'small-gift']"
garden and outdoor,"['up-sell', 'big-gift', 'welcome', 'cashback', 'small-gift']"
travel and leisure,"['up-sell', 'discount']"
home and kitchen,['small-gift']
automotive,"['early-access', 'up-sell', 'small-gift', 'cashback']"
toys and games,"['small-gift', 'cashback', 'welcome', 'discount', 'big-gift', 'loyalty', 'early-access']"
beauty and personal care,"['small-gift', 'up-sell', 'early-access', 'loyalty', 'welcome', 'cashback']"
education and learning,"['welcome', 'loyalty', 'early-access', 'big-gift', 'discount', 'up-sell', 'cashback']"
party supplies,[]
education and learning,"['early-access', 'discount']"
office supplies,"['loyalty', 'up-sell', 'early-access', 'big-gift', 'discount', 'small-gift', 'cashback']"
health and wellness,"['loyalty', 'welcome', 'small-gift']"
toys and games,"['big-gift', 'up-sell', 'welcome', 'discount', 'early-access', 'cashback', 'loyalty']"
books and media,"['early-access', 'loyalty', 'welcome', 'big-gift']"
beauty and personal care,"['discount', 'small-gift', 'cashback', 'welcome', 'early-access', 'big-gift', 'loyalty']"
beauty and personal care,"['up-sell', 'discount', 'loyalty', 'small-gift', 'big-gift', 'cashback', 'welcome', 'early-access']"
books and media,"['cashback', 'big-gift']"
garden and outdoor,[]
office supplies,"['small-gift', 'cashback', 'up-sell', 'loyalty', 'welcome', 'big-gift', 'early-access', 'discount']"
garden and outdoor,"['big-gift', 'early-access', 'cashback', 'up-sell', 'welcome', 'small-gift', 'loyalty', 'discount']"
art and crafts,"['small-gift', 'loyalty', 'up-sell', 'early-access', 'big-gift', 'welcome', 'cashback']"
baby and kids,[]
home and kitchen,"['discount', 'early-access', 'loyalty', 'small-gift', 'big-gift', 'cashback', 'welcome', 'up-sell']"
baby and kids,"['loyalty', 'discount', 'early-access', 'up-sell']"
health and wellness,"['up-sell', 'early-access']"
industrial and scientific,['discount']
party supplies,"['discount', 'small-gift']"
education and learning,"['welcome', 'big-gift', 'early-access', 'small-gift', 'up-sell']"
party supplies,"['cashback', 'big-gift', 'up-sell', 'early-access']"
education and learning,[]
garden and outdoor,"['up-sell', 'small-gift', 'discount', 'cashback', 'loyalty', 'big-gift', 'early-access', 'welcome']"
art and crafts,['welcome']
toys and games,"['big-gift', 'cashback', 'early-access', 'loyalty', 'discount', 'small-gift', 'welcome']"
pet supplies,"['small-gift', 'cashback', 'loyalty', 'discount', 'welcome']"
pet supplies,"['early-access', 'welcome', 'discount']"
art and crafts,"['discount', 'welcome', 'big-gift']"
automotive,"['big-gift', 'loyalty', 'early-access', 'discount', 'up-sell', 'welcome']"
toys and games,"['early-access', 'cashback', 'discount', 'big-gift', 'welcome', 'up-sell', 'loyalty']"
baby and kids,"['cashback', 'loyalty', 'up-sell', 'discount', 'welcome', 'early-access', 'big-gift']"
garden and outdoor,"['up-sell', 'early-access', 'welcome', 'small-gift', 'cashback', 'big-gift', 'loyalty']"
office supplies,"['small-gift', 'welcome', 'cashback', 'big-gift', 'loyalty', 'early-access']"
industrial and scientific,"['loyalty', 'cashback', 'up-sell', 'big-gift']"
industrial and scientific,"['loyalty', 'early-access', 'welcome', 'cashback']"
office supplies,"['small-gift', 'big-gift', 'loyalty', 'early-access', 'cashback']"
baby and kids,[]
fashion,[]
sports and fitness,"['early-access', 'up-sell', 'cashback', 'loyalty', 'big-gift']"
pet supplies,"['discount', 'cashback', 'up-sell', 'early-access', 'small-gift']"
baby and kids,"['early-access', 'small-gift', 'up-sell', 'discount', 'cashback', 'welcome', 'loyalty', 'big-gift']"
home and kitchen,"['up-sell', 'big-gift', 'small-gift', 'welcome', 'cashback', 'loyalty']"
party supplies,"['welcome', 'up-sell', 'cashback']"
toys and games,"['big-gift', 'loyalty', 'small-gift', 'early-access', 'welcome', 'discount', 'cashback', 'up-sell']"
electronics,"['small-gift', 'cashback', 'loyalty', 'big-gift', 'early-access', 'up-sell', 'discount']"
fashion,"['cashback', 'up-sell']"
pet supplies,"['big-gift', 'discount', 'loyalty', 'cashback', 'early-access', 'up-sell', 'small-gift']"
health and wellness,"['cashback', 'loyalty', 'discount', 'up-sell', 'small-gift', 'welcome', 'big-gift']"
automotive,"['early-access', 'discount', 'cashback']"
office supplies,"['up-sell', 'discount', 'welcome', 'early-access', 'cashback', 'loyalty', 'big-gift', 'small-gift']"
automotive,[]
automotive,['small-gift']
art and crafts,"['early-access', 'loyalty', 'big-gift', 'up-sell']"
health and wellness,"['up-sell', 'loyalty', 'welcome', 'early-access', 'big-gift', 'small-gift', 'discount', 'cashback']"
food and beverages,[]
home and kitchen,"['small-gift', 'early-access', 'cashback', 'welcome', 'loyalty', 'up-sell']"
industrial and scientific,"['big-gift', 'small-gift']"
garden and outdoor,"['cashback', 'big-gift', 'discount', 'small-gift', 'up-sell', 'early-access', 'welcome']"
beauty and personal care,"['welcome', 'loyalty', 'cashback']"
toys and games,[]
music,"['discount', 'small-gift', 'early-access', 'welcome', 'up-sell', 'loyalty', 'cashback']"
pet supplies,"['early-access', 'small-gift', 'up-sell', 'big-gift']"
garden and outdoor,"['early-access', 'discount']"
books and media,['small-gift']
toys and games,"['up-sell', 'small-gift', 'loyalty', 'welcome', 'discount', 'big-gift', 'early-access']"
toys and games,"['big-gift', 'up-sell', 'discount', 'welcome', 'cashback', 'small-gift']"
home and kitchen,"['discount', 'cashback']"
pet supplies,"['welcome', 'discount', 'cashback']"
food and beverages,"['up-sell', 'discount', 'big-gift', 'early-access', 'welcome', 'loyalty', 'small-gift']"
food and beverages,[]
home and kitchen,"['up-sell', 'loyalty', 'cashback', 'early-access', 'discount', 'small-gift', 'welcome']"
automotive,"['cashback', 'loyalty', 'big-gift', 'early-access', 'small-gift']"
art and crafts,"['big-gift', 'small-gift', 'up-sell', 'cashback', 'loyalty']"
food and beverages,['early-access']
baby and kids,"['loyalty', 'up-sell', 'welcome', 'small-gift', 'early-access']"
party supplies,"['discount', 'loyalty', 'early-access', 'up-sell', 'cashback', 'welcome', 'small-gift', 'big-gift']"
beauty and personal care,"['early-access', 'big-gift', 'welcome', 'cashback', 'loyalty', 'discount', 'up-sell', 'small-gift']"
party supplies,[]
industrial and scientific,"['up-sell', 'small-gift', 'welcome', 'cashback', 'discount', 'big-gift', 'early-access']"
party supplies,['welcome']
travel and leisure,"['loyalty', 'up-sell', 'welcome', 'small-gift', 'cashback']"
fashion,"['big-gift', 'loyalty', 'early-access', 'cashback']"
office supplies,"['early-access', 'big-gift', 'cashback', 'small-gift', 'welcome', 'discount']"
industrial and scientific,"['small-gift', 'welcome']"
toys and games,"['big-gift', 'up-sell', 'loyalty', 'small-gift', 'welcome', 'cashback', 'early-access', 'discount']"
industrial and scientific,"['big-gift', 'early-access', 'loyalty', 'small-gift', 'cashback', 'up-sell']"
sports and fitness,"['cashback', 'small-gift', 'welcome', 'big-gift']"
travel and leisure,[]
food and beverages,"['loyalty', 'welcome', 'up-sell']"
fashion,"['welcome', 'loyalty', 'small-gift', 'early-access', 'cashback', 'big-gift', 'up-sell']"
industrial and scientific,"['welcome', 'loyalty', 'up-sell']"
automotive,"['small-gift', 'up-sell', 'big-gift']"
pet supplies,"['up-sell', 'loyalty', 'small-gift']"
baby and kids,"['big-gift', 'discount', 'early-access']"
fashion,"['discount', 'small-gift', 'big-gift', 'cashback', 'up-sell', 'welcome', 'loyalty', 'early-access']"
baby and kids,"['big-gift', 'cashback', 'loyalty', 'discount', 'early-access']"
toys and games,"['early-access', 'loyalty', 'big-gift', 'discount', 'small-gift', 'cashback', 'welcome', 'up-sell']"
travel and leisure,"['discount', 'cashback', 'loyalty', 'early-access', 'small-gift', 'big-gift', 'welcome', 'up-sell']"
office supplies,['cashback']
fashion,"['big-gift', 'small-gift', 'up-sell', 'early-access']"
fashion,['cashback']
party supplies,"['cashback', 'early-access', 'loyalty', 'discount', 'up-sell', 'welcome', 'big-gift', 'small-gift']"
home and kitchen,"['cashback', 'small-gift', 'up-sell', 'loyalty', 'early-access', 'welcome', 'big-gift']"
automotive,"['early-access', 'up-sell', 'small-gift', 'discount', 'big-gift', 'loyalty']"
office supplies,"['early-access', 'cashback', 'welcome', 'big-gift', 'discount', 'small-gift', 'loyalty', 'up-sell']"
travel and leisure,[]
party supplies,"['discount', 'welcome', 'early-access']"
industrial and scientific,"['up-sell', 'loyalty', 'big-gift', 'discount', 'small-gift', 'cashback']"
party supplies,"['early-access', 'up-sell', 'small-gift']"
pet supplies,"['early-access', 'small-gift', 'big-gift', 'cashback']"
art and crafts,"['small-gift', 'loyalty']"
sports and fitness,"['early-access', 'loyalty', 'up-sell', 'welcome', 'small-gift', 'cashback', 'discount', 'big-gift']"
travel and leisure,"['cashback', 'welcome']"
sports and fitness,[]
books and media,"['early-access', 'discount', 'welcome', 'up-sell', 'cashback', 'big-gift', 'loyalty', 'small-gift']"
electronics,"['big-gift', 'welcome', 'early-access', 'up-sell', 'discount', 'cashback', 'loyalty', 'small-gift']"
baby and kids,"['discount', 'welcome', 'big-gift', 'up-sell', 'loyalty', 'small-gift']"
books and media,"['up-sell', 'big-gift', 'discount', 'small-gift', 'cashback', 'welcome', 'loyalty', 'early-access']"
art and crafts,"['cashback', 'discount', 'small-gift']"
beauty and personal care,[]
beauty and personal care,"['big-gift', 'cashback', 'up-sell', 'early-access', 'welcome', 'discount']"
electronics,"['loyalty', 'cashback']"
travel and leisure,"['loyalty', 'up-sell', 'welcome', 'early-access', 'big-gift']"
party supplies,"['up-sell', 'welcome', 'big-gift', 'discount', 'small-gift', 'cashback', 'loyalty']"
electronics,"['discount', 'big-gift', 'small-gift']"
music,['up-sell']
toys and games,"['big-gift', 'small-gift', 'up-sell']"
pet supplies,"['discount', 'big-gift', 'small-gift', 'welcome', 'early-access', 'up-sell']"
home and kitchen,"['cashback', 'big-gift', 'welcome', 'discount', 'early-access', 'loyalty']"
electronics,"['early-access', 'cashback', 'loyalty', 'discount']"
industrial and scientific,"['big-gift', 'loyalty', 'small-gift', 'up-sell', 'cashback', 'welcome']"
education and learning,"['cashback', 'small-gift', 'welcome', 'big-gift']"
health and wellness,"['big-gift', 'small-gift']"
sports and fitness,"['small-gift', 'discount', 'welcome', 'early-access', 'up-sell', 'loyalty']"
art and crafts,"['up-sell', 'welcome', 'loyalty', 'big-gift', 'small-gift']"
travel and leisure,"['big-gift', 'welcome', 'early-access', 'small-gift', 'discount', 'cashback', 'up-sell']"
education and learning,"['big-gift', 'welcome', 'discount', 'cashback', 'up-sell']"
beauty and personal care,"['cashback', 'up-sell', 'big-gift', 'loyalty', 'early-access', 'welcome', 'discount', 'small-gift']"
automotive,"['early-access', 'loyalty', 'welcome', 'big-gift']"
travel and leisure,"['big-gift', 'discount', 'cashback', 'welcome']"
office supplies,"['cashback', 'small-gift', 'big-gift', 'early-access']"
education and learning,"['early-access', 'welcome', 'loyalty']"
automotive,[]
music,"['big-gift', 'early-access', 'discount', 'cashback', 'small-gift']"
travel and leisure,"['up-sell', 'discount']"
education and learning,"['early-access', 'discount', 'loyalty']"
music,"['up-sell', 'small-gift', 'big-gift', 'cashback', 'loyalty']"
pet supplies,"['up-sell', 'big-gift', 'cashback', 'discount', 'welcome', 'early-access']"
books and media,"['discount', 'small-gift', 'up-sell', 'welcome', 'cashback', 'early-access', 'big-gift', 'loyalty']"
automotive,['big-gift']
garden and outdoor,"['up-sell', 'loyalty']"
health and wellness,"['big-gift', 'early-access']"
music,['early-access']
education and learning,"['big-gift', 'up-sell', 'early-access', 'cashback', 'welcome', 'loyalty', 'small-gift']"
home and kitchen,"['small-gift', 'loyalty', 'early-access']"
education and learning,[]
party supplies,"['small-gift', 'big-gift', 'cashback', 'welcome', 'up-sell', 'early-access']"
health and wellness,"['cashback', 'early-access', 'discount']"
music,"['discount', 'early-access', 'welcome', 'cashback', 'small-gift', 'loyalty', 'big-gift']"
beauty and personal care,['discount']
office supplies,"['small-gift', 'cashback', 'loyalty', 'up-sell']"
garden and outdoor,"['early-access', 'welcome', 'cashback', 'small-gift', 'discount']"
beauty and personal care,"['welcome', 'big-gift', 'small-gift', 'early-access']"
electronics,"['loyalty', 'small-gift', 'early-access', 'big-gift', 'up-sell']"
industrial and scientific,"['small-gift', 'up-sell']"
travel and leisure,"['cashback', 'big-gift', 'early-access', 'loyalty', 'up-sell', 'discount', 'small-gift']"
music,[]
education and learning,"['early-access', 'up-sell', 'cashback']"
music,[]
books and media,"['up-sell', 'big-gift', 'small-gift']"
beauty and personal care,['discount']
office supplies,"['cashback', 'early-access', 'welcome', 'discount', 'big-gift']"
baby and kids,"['big-gift', 'up-sell', 'cashback', 'early-access', 'welcome']"
office supplies,"['early-access', 'up-sell', 'loyalty', 'discount', 'welcome']"
sports and fitness,"['loyalty', 'early-access', 'discount', 'welcome', 'big-gift']"
office supplies,"['big-gift', 'cashback']"
education and learning,"['big-gift', 'cashback']"
toys and games,"['discount', 'up-sell', 'loyalty', 'cashback', 'early-access', 'welcome', 'big-gift']"
pet supplies,"['welcome', 'big-gift', 'discount', 'early-access', 'cashback', 'up-sell', 'small-gift']"
music,"['early-access', 'cashback', 'small-gift', 'big-gift', 'up-sell', 'discount', 'loyalty', 'welcome']"
toys and games,['welcome']
food and beverages,"['welcome', 'discount', 'loyalty', 'up-sell']"
automotive,"['early-access', 'up-sell']"
garden and outdoor,"['loyalty', 'up-sell', 'welcome', 'discount', 'big-gift', 'cashback', 'small-gift', 'early-access']"
industrial and scientific,"['big-gift', 'welcome', 'small-gift']"
food and beverages,"['welcome', 'cashback', 'discount', 'small-gift']"
beauty and personal care,"['loyalty', 'big-gift', 'early-access', 'small-gift', 'discount', 'cashback', 'up-sell']"
toys and games,"['cashback', 'big-gift']"
books and media,[]
party supplies,"['up-sell', 'early-access', 'big-gift', 'loyalty', 'discount']"
automotive,"['up-sell', 'big-gift', 'early-access', 'welcome']"
sports and fitness,"['welcome', 'discount', 'small-gift', 'loyalty', 'up-sell', 'early-access']"
sports and fitness,"['cashback', 'big-gift', 'small-gift', 'early-access', 'up-sell']"
sports and fitness,"['big-gift', 'cashback', 'early-access', 'welcome']"
beauty and personal care,"['up-sell', 'small-gift', 'discount', 'cashback', 'early-access', 'loyalty']"
party supplies,[]
beauty and personal care,"['small-gift', 'big-gift', 'welcome', 'up-sell', 'cashback', 'early-access', 'loyalty']"
books and media,"['up-sell', 'discount', 'big-gift', 'small-gift', 'loyalty', 'early-access', 'cashback']"
pet supplies,[]
fashion,['early-access']
electronics,['discount']
art and crafts,"['welcome', 'cashback', 'loyalty', 'small-gift', 'discount', 'early-access', 'up-sell']"
beauty and personal care,"['up-sell', 'welcome', 'discount', 'loyalty', 'big-gift']"
music,"['cashback', 'early-access', 'small-gift', 'welcome']"
home and kitchen,[]
books and media,"['loyalty', 'early-access', 'up-sell', 'big-gift', 'cashback', 'welcome', 'discount']"
pet supplies,['big-gift']
sports and fitness,"['loyalty', 'early-access', 'cashback', 'welcome', 'up-sell', 'small-gift', 'big-gift']"
office supplies,"['discount', 'cashback', 'loyalty', 'small-gift']"
beauty and personal care,"['welcome', 'up-sell', 'small-gift', 'loyalty', 'cashback', 'big-gift', 'early-access', 'discount']"
travel and leisure,"['cashback', 'welcome', 'big-gift', 'loyalty', 'small-gift', 'discount', 'up-sell']"
office supplies,"['small-gift', 'big-gift', 'loyalty', 'early-access', 'discount', 'cashback']"
beauty and personal care,"['up-sell', 'big-gift', 'small-gift']"
electronics,"['cashback', 'up-sell', 'big-gift', 'small-gift']"
books and media,"['up-sell', 'small-gift', 'welcome', 'loyalty', 'cashback', 'early-access']"
home and kitchen,"['early-access', 'small-gift', 'up-sell']"
beauty and personal care,"['welcome', 'discount', 'big-gift', 'loyalty', 'cashback', 'small-gift', 'up-sell', 'early-access']"
industrial and scientific,"['early-access', 'big-gift']"
beauty and personal care,[]
party supplies,['welcome']
health and wellness,"['welcome', 'early-access', 'cashback']"
baby and kids,"['big-gift', 'cashback', 'small-gift', 'early-access']"
beauty and personal care,"['discount', 'early-access', 'welcome', 'big-gift', 'small-gift', 'up-sell', 'cashback', 'loyalty']"
industrial and scientific,"['big-gift', 'up-sell', 'small-gift', 'welcome', 'discount']"
travel and leisure,"['welcome', 'loyalty', 'early-access']"
travel and leisure,['early-access']
education and learning,[]
automotive,"['loyalty', 'welcome']"
sports and fitness,[]
toys and games,"['small-gift', 'up-sell', 'big-gift', 'discount', 'loyalty', 'cashback', 'welcome']"
health and wellness,['welcome']
pet supplies,"['up-sell', 'early-access', 'welcome', 'discount', 'small-gift', 'loyalty']"
art and crafts,"['small-gift', 'welcome', 'cashback', 'up-sell', 'loyalty', 'early-access', 'big-gift', 'discount']"
home and kitchen,['cashback']
baby and kids,[]
fashion,[]
food and beverages,[]
garden and outdoor,"['big-gift', 'loyalty', 'early-access', 'welcome', 'cashback']"
food and beverages,"['cashback', 'early-access', 'small-gift', 'discount', 'up-sell']"
beauty and personal care,"['loyalty', 'up-sell', 'small-gift', 'welcome', 'early-access']"
food and beverages,"['welcome', 'cashback', 'early-access', 'big-gift', 'discount', 'loyalty', 'up-sell', 'small-gift']"
industrial and scientific,"['welcome', 'discount', 'loyalty', 'big-gift', 'up-sell', 'cashback', 'early-access']"
art and crafts,"['early-access', 'big-gift', 'loyalty', 'up-sell', 'small-gift']"
sports and fitness,[]
travel and leisure,[]
food and beverages,"['small-gift', 'early-access', 'big-gift', 'welcome', 'discount', 'up-sell', 'loyalty', 'cashback']"
home and kitchen,"['cashback', 'early-access', 'big-gift']"
fashion,"['up-sell', 'welcome']"
fashion,"['big-gift', 'small-gift', 'discount']"
art and crafts,['loyalty']
baby and kids,"['big-gift', 'welcome']"
party supplies,[]
travel and leisure,"['cashback', 'discount']"
health and wellness,"['big-gift', 'small-gift', 'early-access', 'discount', 'up-sell']"
art and crafts,"['cashback', 'welcome', 'loyalty', 'small-gift']"
party supplies,['discount']
home and kitchen,"['early-access', 'cashback']"
pet supplies,"['loyalty', 'up-sell', 'discount', 'early-access', 'cashback', 'big-gift']"
art and crafts,"['loyalty', 'welcome', 'early-access', 'discount']"
education and learning,[]
books and media,"['discount', 'welcome', 'small-gift', 'loyalty', 'early-access']"
music,"['welcome', 'small-gift', 'discount', 'big-gift', 'loyalty', 'early-access', 'cashback', 'up-sell']"
industrial and scientific,"['cashback', 'welcome', 'early-access', 'big-gift', 'loyalty', 'up-sell', 'discount', 'small-gift']"
food and beverages,"['cashback', 'big-gift']"
music,"['loyalty', 'up-sell', 'big-gift', 'discount', 'welcome']"
electronics,['cashback']
art and crafts,"['loyalty', 'big-gift']"
pet supplies,['welcome']
art and crafts,[]
toys and games,"['big-gift', 'cashback', 'welcome', 'early-access', 'up-sell', 'small-gift']"
office supplies,"['discount', 'early-access', 'big-gift']"
art and crafts,"['welcome', 'up-sell']"
education and learning,"['up-sell', 'cashback', 'big-gift']"
industrial and scientific,"['welcome', 'early-access', 'discount', 'cashback', 'loyalty', 'up-sell', 'big-gift']"
baby and kids,"['welcome', 'cashback', 'small-gift']"
office supplies,"['early-access', 'discount', 'up-sell', 'small-gift', 'big-gift', 'loyalty', 'cashback']"
toys and games,[]
pet supplies,"['welcome', 'big-gift', 'discount']"
fashion,"['small-gift', 'big-gift', 'up-sell', 'loyalty', 'early-access', 'welcome', 'discount']"
food and beverages,"['welcome', 'big-gift', 'loyalty', 'up-sell']"
music,"['discount', 'loyalty', 'big-gift', 'up-sell', 'early-access']"
office supplies,[]
office supplies,"['cashback', 'big-gift']"
garden and outdoor,"['up-sell', 'loyalty', 'cashback', 'welcome', 'early-access', 'small-gift', 'discount', 'big-gift']"
electronics,"['early-access', 'welcome', 'discount', 'up-sell', 'loyalty', 'big-gift', 'cashback', 'small-gift']"
pet supplies,[]
electronics,"['discount', 'big-gift']"
home and kitchen,"['small-gift', 'welcome', 'discount', 'cashback', 'big-gift', 'loyalty', 'early-access', 'up-sell']"
sports and fitness,"['big-gift', 'early-access']"
garden and outdoor,"['discount', 'small-gift', 'up-sell', 'big-gift', 'early-access']"
food and beverages,"['big-gift', 'discount']"
automotive,"['discount', 'small-gift']"
electronics,"['welcome', 'loyalty', 'up-sell', 'discount', 'big-gift', 'small-gift']"
party supplies,['early-access']
sports and fitness,"['loyalty', 'early-access', 'discount', 'small-gift', 'big-gift']"
beauty and personal care,"['early-access', 'welcome', 'discount', 'loyalty', 'up-sell']"
beauty and personal care,"['up-sell', 'big-gift', 'welcome', 'small-gift', 'early-access']"
music,"['big-gift', 'loyalty', 'cashback', 'small-gift', 'up-sell', 'early-access', 'discount']"
home and kitchen,"['cashback', 'loyalty', 'early-access', 'welcome', 'up-sell', 'big-gift', 'small-gift']"
pet supplies,"['loyalty', 'welcome', 'discount', 'early-access']"
music,"['loyalty', 'up-sell']"
beauty and personal care,"['early-access', 'small-gift', 'welcome', 'cashback', 'loyalty']"
education and learning,"['discount', 'welcome', 'big-gift', 'early-access', 'loyalty', 'small-gift']"
travel and leisure,"['up-sell', 'small-gift', 'discount', 'big-gift', 'loyalty', 'welcome', 'early-access', 'cashback']"
party supplies,"['early-access', 'loyalty', 'welcome', 'discount', 'small-gift', 'big-gift', 'cashback', 'up-sell']"
education and learning,"['cashback', 'welcome', 'big-gift', 'loyalty', 'up-sell', 'discount', 'early-access']"
beauty and personal care,"['loyalty', 'discount', 'cashback', 'small-gift', 'up-sell', 'big-gift', 'early-access']"
beauty and personal care,"['big-gift', 'loyalty', 'discount', 'cashback', 'small-gift', 'welcome', 'early-access', 'up-sell']"
health and wellness,"['early-access', 'discount', 'loyalty', 'big-gift', 'welcome', 'cashback', 'up-sell']"
beauty and personal care,"['big-gift', 'early-access', 'up-sell', 'loyalty', 'welcome']"
music,"['big-gift', 'up-sell', 'small-gift', 'cashback', 'loyalty', 'early-access', 'discount', 'welcome']"
music,[]
baby and kids,"['discount', 'welcome', 'cashback', 'loyalty', 'up-sell', 'big-gift', 'early-access', 'small-gift']"
fashion,"['loyalty', 'small-gift', 'cashback', 'early-access', 'up-sell', 'discount']"
health and wellness,"['loyalty', 'welcome', 'cashback', 'up-sell', 'small-gift']"
industrial and scientific,"['up-sell', 'early-access', 'cashback', 'welcome', 'small-gift']"
home and kitchen,"['discount', 'loyalty', 'up-sell', 'small-gift', 'welcome', 'cashback']"
party supplies,['up-sell']
industrial and scientific,"['big-gift', 'discount', 'cashback', 'small-gift', 'up-sell']"
fashion,"['up-sell', 'cashback']"
sports and fitness,"['welcome', 'cashback', 'discount', 'loyalty', 'early-access', 'small-gift']"
garden and outdoor,"['small-gift', 'welcome', 'discount', 'early-access']"
automotive,"['early-access', 'big-gift', 'small-gift', 'welcome']"
food and beverages,"['up-sell', 'small-gift']"
art and crafts,"['up-sell', 'small-gift', 'cashback', 'early-access', 'welcome']"
books and media,"['cashback', 'big-gift', 'early-access', 'small-gift', 'discount', 'welcome', 'up-sell']"
beauty and personal care,"['big-gift', 'loyalty', 'up-sell', 'small-gift']"
electronics,"['cashback', 'big-gift']"
books and media,[]
food and beverages,[]
art and crafts,[]
office supplies,"['up-sell', 'discount', 'cashback']"
baby and kids,"['loyalty', 'small-gift', 'welcome', 'early-access', 'discount', 'up-sell']"
education and learning,"['discount', 'big-gift', 'cashback', 'up-sell', 'early-access', 'loyalty', 'welcome']"
health and wellness,['up-sell']
electronics,"['welcome', 'loyalty', 'up-sell', 'big-gift', 'small-gift', 'discount']"
food and beverages,"['up-sell', 'small-gift', 'cashback']"
baby and kids,[]
electronics,"['discount', 'small-gift', 'loyalty', 'up-sell', 'welcome', 'cashback', 'big-gift']"
education and learning,"['up-sell', 'cashback', 'big-gift', 'discount']"
art and crafts,"['cashback', 'early-access', 'discount', 'up-sell']"
education and learning,"['loyalty', 'welcome', 'up-sell', 'discount', 'small-gift', 'early-access']"
home and kitchen,"['loyalty', 'discount', 'big-gift', 'small-gift', 'up-sell', 'early-access', 'cashback']"
books and media,"['cashback', 'welcome']"
education and learning,"['small-gift', 'early-access', 'loyalty', 'welcome', 'cashback', 'big-gift']"
health and wellness,"['big-gift', 'cashback', 'small-gift', 'welcome', 'loyalty', 'early-access']"
food and beverages,"['early-access', 'small-gift', 'discount', 'up-sell', 'big-gift', 'welcome', 'cashback', 'loyalty']"
home and kitchen,"['discount', 'small-gift', 'early-access', 'up-sell', 'loyalty', 'big-gift', 'cashback']"
beauty and personal care,"['small-gift', 'loyalty', 'early-access']"
automotive,"['small-gift', 'discount', 'big-gift', 'up-sell', 'early-access', 'loyalty']"
home and kitchen,"['welcome', 'big-gift', 'small-gift', 'up-sell', 'early-access', 'loyalty', 'cashback']"
baby and kids,['big-gift']
baby and kids,"['big-gift', 'welcome', 'loyalty', 'small-gift']"
books and media,"['big-gift', 'up-sell', 'cashback', 'loyalty', 'discount']"
toys and games,['early-access']
pet supplies,"['small-gift', 'early-access']"
fashion,[]
art and crafts,"['cashback', 'big-gift', 'loyalty', 'up-sell']"
toys and games,"['loyalty', 'early-access', 'up-sell', 'cashback', 'small-gift', 'big-gift', 'discount']"
garden and outdoor,"['welcome', 'early-access', 'up-sell', 'loyalty', 'discount', 'big-gift']"
pet supplies,"['cashback', 'welcome', 'small-gift', 'big-gift', 'loyalty', 'up-sell', 'early-access', 'discount']"
sports and fitness,['big-gift']
baby and kids,"['discount', 'welcome', 'big-gift', 'early-access']"
automotive,"['small-gift', 'cashback', 'early-access', 'loyalty', 'discount', 'up-sell', 'big-gift']"
books and media,"['big-gift', 'welcome']"
food and beverages,"['discount', 'loyalty', 'small-gift']"
electronics,"['discount', 'welcome', 'early-access', 'big-gift', 'cashback', 'small-gift', 'loyalty', 'up-sell']"
education and learning,[]
home and kitchen,[]
fashion,['big-gift']
art and crafts,"['loyalty', 'up-sell', 'discount', 'cashback', 'early-access', 'welcome']"
electronics,"['big-gift', 'small-gift', 'welcome', 'up-sell']"
health and wellness,"['big-gift', 'early-access']"
home and kitchen,"['loyalty', 'discount', 'welcome', 'small-gift', 'cashback', 'up-sell', 'big-gift', 'early-access']"
baby and kids,"['small-gift', 'early-access', 'cashback']"
automotive,"['welcome', 'up-sell']"
garden and outdoor,"['early-access', 'discount', 'loyalty']"
electronics,[]
beauty and personal care,['early-access']
sports and fitness,['loyalty']
home and kitchen,"['cashback', 'early-access', 'discount', 'small-gift']"
art and crafts,[]
home and kitchen,"['welcome', 'big-gift']"
automotive,"['small-gift', 'cashback', 'early-access', 'welcome', 'up-sell']"
fashion,[]
sports and fitness,"['small-gift', 'discount']"
art and crafts,"['loyalty', 'discount', 'big-gift', 'early-access']"
home and kitchen,"['big-gift', 'cashback', 'discount', 'early-access', 'up-sell', 'loyalty']"
toys and games,['discount']
fashion,"['loyalty', 'cashback']"
party supplies,"['early-access', 'loyalty', 'up-sell', 'cashback', 'discount', 'small-gift', 'welcome']"
sports and fitness,"['early-access', 'welcome', 'cashback', 'small-gift', 'big-gift', 'up-sell', 'loyalty']"
pet supplies,[]
baby and kids,"['small-gift', 'up-sell', 'big-gift']"
education and learning,['big-gift']
food and beverages,"['small-gift', 'early-access', 'big-gift', 'cashback', 'loyalty', 'discount', 'welcome']"
electronics,"['early-access', 'big-gift']"
garden and outdoor,"['loyalty', 'big-gift']"
garden and outdoor,"['cashback', 'discount', 'big-gift', 'welcome', 'loyalty']"
industrial and scientific,"['big-gift', 'early-access', 'loyalty', 'welcome', 'cashback', 'small-gift']"
party supplies,"['loyalty', 'big-gift', 'cashback', 'small-gift', 'discount', 'welcome', 'early-access']"
electronics,['big-gift']
travel and leisure,[]
industrial and scientific,"['welcome', 'big-gift', 'early-access', 'up-sell', 'discount', 'cashback', 'small-gift', 'loyalty']"
pet supplies,"['welcome', 'big-gift', 'loyalty', 'cashback', 'discount']"
industrial and scientific,"['small-gift', 'early-access', 'cashback', 'welcome', 'up-sell', 'discount', 'big-gift']"
electronics,"['small-gift', 'big-gift', 'early-access', 'discount', 'up-sell']"
home and kitchen,[]
toys and games,"['discount', 'big-gift', 'small-gift', 'cashback', 'welcome', 'loyalty', 'up-sell']"
books and media,['big-gift']
books and media,"['cashback', 'small-gift', 'discount', 'welcome', 'early-access', 'up-sell', 'big-gift']"
art and crafts,"['discount', 'cashback', 'welcome', 'up-sell', 'small-gift', 'early-access', 'loyalty']"
party supplies,"['discount', 'small-gift', 'up-sell', 'loyalty', 'big-gift', 'welcome', 'cashback']"
education and learning,"['big-gift', 'cashback', 'up-sell', 'loyalty', 'discount']"
music,"['up-sell', 'cashback', 'loyalty', 'small-gift', 'big-gift']"
education and learning,"['up-sell', 'big-gift', 'small-gift', 'early-access', 'discount', 'cashback', 'welcome', 'loyalty']"
books and media,"['small-gift', 'early-access', 'loyalty', 'big-gift']"
baby and kids,"['small-gift', 'early-access', 'welcome', 'discount', 'cashback', 'up-sell', 'loyalty', 'big-gift']"
travel and leisure,[]
baby and kids,['welcome']
music,"['welcome', 'small-gift']"
fashion,"['up-sell', 'big-gift', 'loyalty']"
automotive,"['discount', 'big-gift', 'welcome', 'early-access']"
books and media,"['welcome', 'discount', 'cashback', 'early-access', 'loyalty', 'big-gift', 'small-gift', 'up-sell']"
baby and kids,"['welcome', 'cashback', 'big-gift', 'small-gift']"
pet supplies,"['welcome', 'early-access', 'small-gift', 'discount', 'loyalty', 'up-sell', 'cashback', 'big-gift']"
office supplies,"['cashback', 'big-gift', 'small-gift', 'loyalty', 'discount', 'up-sell', 'welcome', 'early-access']"
toys and games,"['loyalty', 'cashback']"
fashion,"['up-sell', 'early-access', 'discount', 'loyalty', 'big-gift', 'small-gift']"
health and wellness,[]
pet supplies,"['discount', 'welcome', 'loyalty', 'early-access', 'big-gift', 'up-sell', 'small-gift']"
garden and outdoor,"['small-gift', 'welcome', 'early-access', 'discount', 'loyalty', 'big-gift', 'up-sell', 'cashback']"
travel and leisure,"['big-gift', 'welcome', 'discount', 'loyalty', 'up-sell', 'small-gift', 'cashback', 'early-access']"
office supplies,"['cashback', 'big-gift', 'up-sell', 'small-gift']"
garden and outdoor,"['welcome', 'early-access', 'small-gift', 'discount', 'cashback', 'big-gift', 'up-sell', 'loyalty']"
pet supplies,"['loyalty', 'cashback', 'discount', 'up-sell', 'small-gift', 'welcome']"
baby and kids,"['early-access', 'cashback', 'welcome', 'discount', 'loyalty']"
pet supplies,"['loyalty', 'welcome', 'early-access', 'up-sell', 'big-gift', 'discount', 'cashback', 'small-gift']"
books and media,"['loyalty', 'early-access', 'up-sell', 'cashback', 'welcome', 'discount']"
sports and fitness,[]
art and crafts,"['welcome', 'early-access', 'big-gift', 'small-gift', 'loyalty']"
health and wellness,"['loyalty', 'up-sell', 'early-access', 'discount', 'cashback', 'small-gift', 'big-gift', 'welcome']"
travel and leisure,"['welcome', 'cashback', 'small-gift', 'early-access', 'up-sell']"
education and learning,['welcome']
beauty and personal care,"['loyalty', 'discount', 'small-gift', 'big-gift', 'welcome']"
automotive,"['big-gift', 'cashback', 'small-gift', 'welcome', 'early-access', 'up-sell', 'discount']"
sports and fitness,"['up-sell', 'small-gift', 'loyalty', 'discount', 'early-access', 'welcome']"
industrial and scientific,"['discount', 'welcome', 'big-gift', 'small-gift', 'cashback', 'early-access', 'up-sell', 'loyalty']"
books and media,"['cashback', 'early-access', 'small-gift', 'up-sell', 'loyalty']"
toys and games,"['cashback', 'up-sell']"
health and wellness,"['loyalty', 'early-access', 'small-gift']"
party supplies,[]
industrial and scientific,"['loyalty', 'discount', 'small-gift', 'welcome', 'big-gift', 'up-sell', 'cashback']"
party supplies,"['small-gift', 'discount', 'loyalty', 'early-access', 'welcome', 'up-sell', 'cashback']"
books and media,"['early-access', 'cashback', 'discount', 'up-sell', 'small-gift']"
party supplies,"['small-gift', 'big-gift']"
pet supplies,"['discount', 'welcome', 'early-access', 'loyalty', 'up-sell', 'small-gift']"
travel and leisure,"['small-gift', 'loyalty', 'early-access', 'discount']"
garden and outdoor,"['early-access', 'discount', 'big-gift', 'cashback', 'welcome', 'up-sell', 'small-gift']"
health and wellness,"['cashback', 'discount']"
beauty and personal care,['welcome']
baby and kids,[]
party supplies,"['cashback', 'welcome', 'up-sell', 'discount', 'early-access', 'small-gift']"
sports and fitness,"['big-gift', 'loyalty', 'up-sell', 'discount', 'early-access']"
art and crafts,"['loyalty', 'cashback', 'discount', 'up-sell', 'welcome', 'small-gift', 'big-gift', 'early-access']"
baby and kids,"['early-access', 'loyalty']"
toys and games,"['early-access', 'discount']"
fashion,"['early-access', 'loyalty', 'welcome']"
health and wellness,"['cashback', 'welcome', 'small-gift', 'loyalty', 'discount']"
music,"['early-access', 'welcome', 'big-gift', 'discount', 'small-gift', 'up-sell', 'loyalty']"
health and wellness,"['discount', 'cashback', 'small-gift', 'big-gift', 'early-access', 'up-sell', 'welcome', 'loyalty']"
music,"['big-gift', 'discount', 'early-access']"
garden and outdoor,"['welcome', 'up-sell', 'loyalty', 'cashback', 'small-gift', 'early-access', 'discount']"
baby and kids,"['cashback', 'loyalty', 'big-gift', 'small-gift']"
office supplies,['cashback']
travel and leisure,"['loyalty', 'cashback', 'small-gift', 'big-gift', 'up-sell']"
books and media,"['big-gift', 'welcome']"
food and beverages,[]
sports and fitness,"['discount', 'small-gift']"
baby and kids,[]
party supplies,"['welcome', 'loyalty']"
health and wellness,"['big-gift', 'up-sell']"
party supplies,[]
automotive,['cashback']
art and crafts,"['early-access', 'loyalty', 'big-gift', 'cashback', 'small-gift', 'discount', 'welcome']"
education and learning,"['up-sell', 'loyalty', 'small-gift', 'discount', 'cashback', 'early-access', 'welcome', 'big-gift']"
music,"['discount', 'welcome', 'big-gift', 'loyalty', 'cashback', 'small-gift']"
education and learning,['discount']
garden and outdoor,[]
industrial and scientific,"['loyalty', 'welcome', 'cashback', 'early-access', 'big-gift', 'discount', 'up-sell', 'small-gift']"
office supplies,[]
baby and kids,"['cashback', 'big-gift', 'early-access', 'small-gift', 'discount', 'up-sell']"
party supplies,['big-gift']
sports and fitness,"['early-access', 'big-gift', 'loyalty', 'welcome']"
automotive,"['big-gift', 'discount', 'loyalty', 'welcome', 'up-sell', 'early-access', 'cashback', 'small-gift']"
music,"['small-gift', 'cashback', 'discount']"
home and kitchen,"['big-gift', 'small-gift']"
party supplies,"['up-sell', 'big-gift', 'early-access', 'cashback']"
party supplies,"['up-sell', 'small-gift', 'cashback', 'loyalty', 'big-gift']"
industrial and scientific,"['early-access', 'loyalty', 'discount', 'up-sell', 'cashback', 'big-gift', 'small-gift', 'welcome']"
music,"['loyalty', 'small-gift']"
food and beverages,"['discount', 'welcome', 'loyalty', 'up-sell', 'cashback', 'small-gift', 'big-gift']"
toys and games,"['welcome', 'big-gift', 'early-access', 'loyalty', 'cashback', 'discount']"
travel and leisure,['loyalty']
health and wellness,"['small-gift', 'welcome', 'up-sell']"
fashion,"['big-gift', 'up-sell', 'small-gift', 'early-access', 'discount', 'cashback']"
education and learning,[]
toys and games,"['early-access', 'welcome', 'loyalty', 'up-sell', 'discount', 'big-gift', 'cashback']"
education and learning,"['cashback', 'up-sell', 'loyalty', 'welcome', 'discount', 'big-gift', 'early-access', 'small-gift']"
beauty and personal care,"['big-gift', 'discount', 'small-gift', 'cashback']"
music,"['welcome', 'small-gift', 'big-gift']"
beauty and personal care,['up-sell']
industrial and scientific,"['small-gift', 'big-gift', 'discount', 'loyalty', 'up-sell']"
art and crafts,"['welcome', 'discount', 'loyalty', 'cashback', 'early-access', 'big-gift']"
beauty and personal care,"['up-sell', 'discount', 'welcome', 'early-access', 'big-gift', 'cashback', 'loyalty', 'small-gift']"
music,"['cashback', 'big-gift', 'discount', 'early-access', 'up-sell', 'small-gift', 'welcome']"
garden and outdoor,['up-sell']
beauty and personal care,"['cashback', 'small-gift', 'big-gift', 'loyalty', 'discount', 'up-sell']"
office supplies,"['welcome', 'small-gift', 'discount', 'loyalty', 'big-gift', 'early-access', 'up-sell', 'cashback']"
beauty and personal care,"['discount', 'cashback', 'early-access', 'small-gift', 'loyalty', 'up-sell', 'big-gift', 'welcome']"
books and media,"['cashback', 'loyalty', 'small-gift', 'big-gift', 'discount', 'welcome', 'early-access']"
books and media,"['small-gift', 'loyalty', 'welcome']"
home and kitchen,['early-access']
education and learning,[]
industrial and scientific,[]
garden and outdoor,"['small-gift', 'cashback', 'up-sell', 'discount', 'big-gift']"
toys and games,"['up-sell', 'cashback', 'loyalty', 'early-access', 'small-gift', 'welcome', 'big-gift', 'discount']"
industrial and scientific,[]
baby and kids,"['big-gift', 'early-access', 'small-gift', 'loyalty', 'cashback']"
home and kitchen,"['early-access', 'discount', 'small-gift', 'welcome', 'up-sell', 'big-gift', 'cashback', 'loyalty']"
party supplies,['small-gift']
office supplies,"['discount', 'up-sell', 'early-access', 'loyalty']"
health and wellness,"['small-gift', 'discount', 'loyalty', 'cashback', 'up-sell', 'welcome', 'early-access']"
office supplies,"['big-gift', 'discount', 'cashback', 'loyalty', 'up-sell']"
party supplies,"['loyalty', 'small-gift', 'discount']"
food and beverages,"['big-gift', 'early-access', 'cashback', 'loyalty', 'up-sell', 'discount', 'welcome', 'small-gift']"
electronics,"['big-gift', 'cashback']"
sports and fitness,"['small-gift', 'big-gift', 'cashback', 'discount', 'up-sell', 'early-access', 'welcome', 'loyalty']"
home and kitchen,"['welcome', 'loyalty']"
health and wellness,"['loyalty', 'cashback', 'small-gift', 'discount', 'up-sell', 'early-access', 'big-gift']"
industrial and scientific,"['up-sell', 'discount', 'welcome', 'cashback', 'small-gift', 'loyalty', 'early-access', 'big-gift']"
automotive,"['small-gift', 'early-access', 'up-sell', 'cashback', 'big-gift']"
beauty and personal care,"['up-sell', 'cashback', 'small-gift', 'loyalty', 'early-access', 'discount']"
pet supplies,"['big-gift', 'early-access', 'welcome', 'small-gift', 'loyalty', 'cashback']"
food and beverages,"['small-gift', 'early-access', 'discount', 'big-gift', 'cashback']"
health and wellness,"['small-gift', 'early-access', 'up-sell', 'big-gift', 'cashback', 'loyalty', 'welcome']"
toys and games,[]
sports and fitness,"['up-sell', 'small-gift', 'big-gift']"
beauty and personal care,"['discount', 'cashback', 'welcome']"
home and kitchen,['early-access']
industrial and scientific,[]
electronics,"['loyalty', 'welcome', 'discount', 'up-sell', 'early-access', 'big-gift']"
music,"['cashback', 'loyalty', 'small-gift', 'discount']"
art and crafts,"['discount', 'up-sell']"
toys and games,[]
fashion,"['small-gift', 'big-gift', 'cashback', 'early-access', 'discount']"
industrial and scientific,"['discount', 'small-gift', 'up-sell', 'loyalty', 'cashback', 'early-access', 'big-gift']"
baby and kids,"['up-sell', 'discount', 'cashback', 'early-access', 'loyalty', 'welcome', 'small-gift', 'big-gift']"
office supplies,"['up-sell', 'loyalty', 'discount', 'welcome', 'early-access', 'small-gift']"
sports and fitness,"['up-sell', 'cashback', 'early-access', 'welcome', 'big-gift']"
garden and outdoor,"['welcome', 'big-gift', 'cashback', 'discount']"
education and learning,"['welcome', 'up-sell', 'discount']"
books and media,"['big-gift', 'cashback', 'loyalty', 'small-gift', 'early-access', 'up-sell']"
food and beverages,"['loyalty', 'cashback', 'small-gift', 'early-access']"
baby and kids,"['up-sell', 'small-gift', 'big-gift', 'early-access']"
health and wellness,"['cashback', 'big-gift', 'welcome', 'loyalty', 'up-sell', 'early-access']"
home and kitchen,"['early-access', 'discount', 'small-gift', 'up-sell', 'cashback', 'welcome', 'loyalty']"
electronics,"['welcome', 'up-sell']"
electronics,"['loyalty', 'discount']"
health and wellness,"['early-access', 'small-gift']"
electronics,"['loyalty', 'early-access', 'welcome']"
garden and outdoor,"['small-gift', 'cashback', 'discount']"
garden and outdoor,"['early-access', 'small-gift', 'welcome', 'discount', 'big-gift']"
sports and fitness,[]
health and wellness,"['loyalty', 'up-sell', 'cashback', 'early-access', 'big-gift', 'small-gift']"
music,[]
home and kitchen,"['big-gift', 'early-access', 'cashback']"
food and beverages,[]
books and media,"['loyalty', 'up-sell', 'small-gift', 'early-access', 'cashback', 'big-gift', 'discount']"
pet supplies,"['welcome', 'small-gift']"
industrial and scientific,"['loyalty', 'discount', 'cashback', 'big-gift', 'early-access', 'small-gift', 'welcome', 'up-sell']"
home and kitchen,"['big-gift', 'discount', 'welcome']"
toys and games,"['loyalty', 'cashback', 'early-access', 'welcome']"
fashion,"['discount', 'early-access', 'welcome', 'loyalty', 'up-sell', 'cashback', 'small-gift']"
education and learning,"['welcome', 'early-access', 'discount', 'loyalty', 'big-gift']"
sports and fitness,"['cashback', 'discount', 'up-sell', 'big-gift', 'early-access', 'small-gift', 'welcome']"
electronics,"['small-gift', 'early-access', 'loyalty', 'discount', 'welcome', 'big-gift']"
art and crafts,"['up-sell', 'early-access', 'small-gift', 'cashback', 'loyalty', 'discount', 'welcome', 'big-gift']"
pet supplies,"['up-sell', 'big-gift', 'early-access', 'small-gift', 'loyalty', 'welcome', 'discount']"
art and crafts,"['up-sell', 'early-access', 'discount', 'cashback']"
electronics,"['big-gift', 'small-gift', 'loyalty', 'welcome', 'discount', 'cashback', 'up-sell', 'early-access']"
beauty and personal care,"['big-gift', 'loyalty', 'up-sell', 'cashback', 'early-access', 'discount', 'small-gift', 'welcome']"
travel and leisure,"['loyalty', 'welcome', 'up-sell', 'big-gift', 'small-gift']"
sports and fitness,"['welcome', 'loyalty']"
home and kitchen,"['cashback', 'welcome', 'big-gift', 'up-sell', 'early-access', 'discount', 'loyalty']"
baby and kids,"['welcome', 'discount', 'loyalty', 'up-sell']"
beauty and personal care,[]
books and media,"['loyalty', 'cashback', 'small-gift', 'welcome', 'discount', 'big-gift', 'early-access']"
office supplies,[]
education and learning,"['welcome', 'small-gift', 'early-access', 'discount']"
beauty and personal care,"['loyalty', 'welcome', 'small-gift']"
food and beverages,"['big-gift', 'loyalty', 'early-access', 'up-sell', 'small-gift', 'discount', 'welcome', 'cashback']"
home and kitchen,"['early-access', 'small-gift', 'big-gift', 'cashback', 'welcome']"
toys and games,"['big-gift', 'up-sell']"
pet supplies,"['early-access', 'discount']"
pet supplies,"['small-gift', 'big-gift', 'discount', 'cashback', 'up-sell', 'early-access', 'loyalty', 'welcome']"
party supplies,"['cashback', 'early-access', 'up-sell', 'discount', 'small-gift', 'loyalty', 'big-gift', 'welcome']"
electronics,[]
automotive,[]
baby and kids,"['up-sell', 'welcome']"
automotive,"['cashback', 'big-gift', 'discount']"
electronics,"['discount', 'welcome', 'big-gift', 'cashback']"
office supplies,"['discount', 'early-access']"
office supplies,"['cashback', 'discount', 'big-gift']"
beauty and personal care,"['cashback', 'small-gift', 'welcome', 'discount', 'early-access', 'big-gift']"
garden and outdoor,['up-sell']
fashion,"['loyalty', 'big-gift', 'welcome', 'discount', 'up-sell', 'early-access']"
travel and leisure,['cashback']
education and learning,[]
music,[]
automotive,"['welcome', 'discount', 'up-sell', 'small-gift', 'loyalty', 'cashback', 'early-access', 'big-gift']"
fashion,"['early-access', 'big-gift', 'up-sell', 'small-gift', 'welcome', 'cashback']"
travel and leisure,"['big-gift', 'loyalty', 'early-access', 'discount']"
beauty and personal care,"['welcome', 'up-sell', 'cashback', 'discount', 'early-access', 'loyalty', 'big-gift']"
sports and fitness,"['early-access', 'up-sell']"
books and media,"['big-gift', 'small-gift', 'up-sell', 'loyalty', 'early-access', 'welcome', 'discount']"
health and wellness,"['small-gift', 'early-access', 'up-sell', 'welcome', 'big-gift', 'discount']"
travel and leisure,"['small-gift', 'discount', 'loyalty', 'big-gift', 'up-sell', 'cashback']"
electronics,"['discount', 'early-access', 'up-sell', 'cashback']"
education and learning,"['early-access', 'welcome']"
food and beverages,"['small-gift', 'loyalty', 'early-access']"
beauty and personal care,['welcome']
food and beverages,"['up-sell', 'welcome']"
pet supplies,['up-sell']
art and crafts,"['welcome', 'discount', 'loyalty', 'up-sell', 'small-gift', 'early-access', 'cashback']"
industrial and scientific,"['discount', 'small-gift', 'big-gift', 'welcome', 'cashback', 'early-access', 'up-sell']"
health and wellness,"['welcome', 'discount']"
books and media,"['welcome', 'cashback', 'small-gift', 'early-access']"
beauty and personal care,"['up-sell', 'small-gift', 'big-gift', 'discount', 'welcome', 'cashback']"
automotive,"['cashback', 'early-access', 'up-sell', 'welcome', 'discount', 'loyalty']"
education and learning,"['loyalty', 'early-access', 'big-gift', 'up-sell', 'cashback', 'discount', 'welcome', 'small-gift']"
food and beverages,"['up-sell', 'discount', 'cashback', 'small-gift', 'loyalty', 'welcome', 'early-access', 'big-gift']"
office supplies,"['cashback', 'up-sell', 'discount', 'welcome']"
health and wellness,"['welcome', 'up-sell', 'discount', 'loyalty', 'big-gift', 'cashback']"
music,"['loyalty', 'small-gift']"
music,"['cashback', 'early-access', 'loyalty', 'up-sell', 'small-gift', 'big-gift', 'discount', 'welcome']"
art and crafts,"['discount', 'loyalty', 'small-gift', 'big-gift', 'up-sell', 'welcome', 'cashback', 'early-access']"
travel and leisure,"['discount', 'early-access']"
beauty and personal care,"['loyalty', 'early-access', 'discount', 'big-gift', 'welcome', 'up-sell', 'small-gift', 'cashback']"
automotive,"['up-sell', 'loyalty', 'big-gift', 'welcome', 'small-gift', 'early-access', 'discount']"
education and learning,"['cashback', 'up-sell', 'loyalty', 'small-gift']"
electronics,"['loyalty', 'small-gift', 'cashback', 'early-access', 'big-gift']"
office supplies,"['big-gift', 'cashback']"
garden and outdoor,"['discount', 'loyalty']"
food and beverages,[]
travel and leisure,[]
health and wellness,"['cashback', 'small-gift', 'big-gift', 'loyalty', 'up-sell', 'welcome']"
toys and games,"['early-access', 'small-gift', 'discount', 'cashback', 'loyalty', 'up-sell', 'big-gift']"
fashion,"['small-gift', 'cashback', 'up-sell', 'early-access', 'welcome', 'discount']"
home and kitchen,"['early-access', 'big-gift', 'welcome', 'loyalty', 'cashback', 'discount', 'small-gift']"
industrial and scientific,"['welcome', 'loyalty', 'discount', 'cashback', 'up-sell', 'big-gift']"
automotive,"['discount', 'cashback', 'early-access', 'up-sell', 'welcome', 'small-gift', 'big-gift']"
art and crafts,"['loyalty', 'small-gift', 'up-sell', 'welcome', 'early-access', 'discount', 'big-gift']"
music,"['small-gift', 'cashback', 'welcome', 'loyalty', 'big-gift', 'discount']"
books and media,"['loyalty', 'discount', 'big-gift', 'early-access', 'welcome', 'cashback', 'small-gift']"
art and crafts,"['loyalty', 'up-sell', 'small-gift', 'cashback', 'early-access']"
music,"['big-gift', 'welcome', 'loyalty', 'discount', 'small-gift', 'early-access', 'up-sell', 'cashback']"
fashion,"['up-sell', 'discount', 'small-gift', 'cashback', 'big-gift', 'early-access']"
toys and games,['discount']
books and media,[]
education and learning,"['welcome', 'cashback', 'big-gift', 'small-gift']"
industrial and scientific,[]
education and learning,"['cashback', 'loyalty', 'up-sell', 'early-access', 'small-gift', 'big-gift', 'discount']"
beauty and personal care,[]
food and beverages,"['up-sell', 'early-access', 'small-gift', 'big-gift', 'loyalty', 'welcome', 'discount', 'cashback']"
fashion,"['welcome', 'loyalty', 'early-access', 'up-sell', 'discount']"
pet supplies,['welcome']
home and kitchen,"['discount', 'loyalty', 'small-gift', 'early-access', 'big-gift', 'cashback']"
party supplies,"['welcome', 'early-access', 'discount', 'small-gift', 'up-sell']"
music,['big-gift']
industrial and scientific,['up-sell']
garden and outdoor,"['loyalty', 'small-gift']"
health and wellness,"['big-gift', 'up-sell', 'loyalty', 'small-gift', 'welcome']"
home and kitchen,"['loyalty', 'cashback', 'small-gift', 'up-sell', 'discount', 'early-access', 'big-gift', 'welcome']"
baby and kids,"['discount', 'up-sell', 'big-gift', 'cashback', 'small-gift']"
garden and outdoor,"['cashback', 'small-gift']"
automotive,"['welcome', 'early-access', 'big-gift']"
art and crafts,['cashback']
education and learning,"['big-gift', 'welcome', 'discount', 'small-gift', 'loyalty', 'early-access']"
books and media,"['up-sell', 'big-gift', 'welcome', 'discount']"
automotive,"['small-gift', 'big-gift', 'welcome', 'early-access', 'discount', 'loyalty', 'cashback', 'up-sell']"
toys and games,"['small-gift', 'big-gift', 'discount']"
garden and outdoor,"['welcome', 'small-gift', 'loyalty', 'cashback', 'big-gift', 'discount', 'up-sell']"
industrial and scientific,"['early-access', 'big-gift', 'cashback', 'welcome', 'discount']"
party supplies,"['welcome', 'loyalty', 'up-sell', 'discount', 'small-gift']"
beauty and personal care,"['up-sell', 'big-gift']"
electronics,"['big-gift', 'small-gift', 'up-sell', 'loyalty', 'cashback']"
toys and games,['up-sell']
pet supplies,[]
health and wellness,"['loyalty', 'cashback', 'early-access', 'discount', 'big-gift', 'small-gift']"
books and media,"['up-sell', 'loyalty', 'welcome', 'discount', 'small-gift', 'cashback', 'early-access', 'big-gift']"
baby and kids,[]
garden and outdoor,"['discount', 'loyalty', 'early-access', 'cashback', 'small-gift', 'big-gift', 'welcome', 'up-sell']"
baby and kids,"['cashback', 'small-gift']"
fashion,"['big-gift', 'small-gift', 'up-sell', 'welcome', 'early-access', 'loyalty', 'cashback']"
education and learning,['small-gift']
art and crafts,[]
home and kitchen,"['up-sell', 'welcome', 'early-access', 'discount', 'loyalty', 'cashback', 'big-gift', 'small-gift']"
